INSERT INTO public.asociacion(id, nombre, "createdAt", "updatedAt")	VALUES (1, 'ALTIPLANO', now(), now());
INSERT INTO public.asociacion(id, nombre, "createdAt", "updatedAt")	VALUES (2, 'AMIFIV', now(), now());
INSERT INTO public.asociacion(id, nombre, "createdAt", "updatedAt")	VALUES (3, 'ANDES DE CONO', now(), now());
INSERT INTO public.asociacion(id, nombre, "createdAt", "updatedAt")	VALUES (4, 'APIAAR', now(), now());
INSERT INTO public.asociacion(id, nombre, "createdAt", "updatedAt")	VALUES (5, 'ARDILLAS DE BELLAVISTA', now(), now());
INSERT INTO public.asociacion(id, nombre, "createdAt", "updatedAt")	VALUES (6, 'AUTODROMO DEL COLCA', now(), now());
INSERT INTO public.asociacion(id, nombre, "createdAt", "updatedAt")	VALUES (7, 'BAÑOS', now(), now());
INSERT INTO public.asociacion(id, nombre, "createdAt", "updatedAt")	VALUES (8, 'BELLAVISTA', now(), now());
INSERT INTO public.asociacion(id, nombre, "createdAt", "updatedAt")	VALUES (9, 'BELLAVISTA SALAMANCA', now(), now());
INSERT INTO public.asociacion(id, nombre, "createdAt", "updatedAt")	VALUES (10, 'CALERA DE YURA', now(), now());
INSERT INTO public.asociacion(id, nombre, "createdAt", "updatedAt")	VALUES (11, 'CAMINEROS EMPLEADOS', now(), now());
INSERT INTO public.asociacion(id, nombre, "createdAt", "updatedAt")	VALUES (12, 'CAMINEROS OBREROS', now(), now());
INSERT INTO public.asociacion(id, nombre, "createdAt", "updatedAt")	VALUES (13, 'CHAPARAL', now(), now());
INSERT INTO public.asociacion(id, nombre, "createdAt", "updatedAt")	VALUES (14, 'CHAPARRAL', now(), now());
INSERT INTO public.asociacion(id, nombre, "createdAt", "updatedAt")	VALUES (15, 'CHILCANI', now(), now());
INSERT INTO public.asociacion(id, nombre, "createdAt", "updatedAt")	VALUES (16, 'CIUDAD DE DIOS', now(), now());
INSERT INTO public.asociacion(id, nombre, "createdAt", "updatedAt")	VALUES (17, 'CONSORCIO AREQUIPA', now(), now());
INSERT INTO public.asociacion(id, nombre, "createdAt", "updatedAt")	VALUES (18, 'CONSORCIO PRIMAVERA', now(), now());
INSERT INTO public.asociacion(id, nombre, "createdAt", "updatedAt")	VALUES (19, 'CONSORCIO ZAMACOLA', now(), now());
INSERT INTO public.asociacion(id, nombre, "createdAt", "updatedAt")	VALUES (20, 'FUNDO EL CONQUISTADOR', now(), now());
INSERT INTO public.asociacion(id, nombre, "createdAt", "updatedAt")	VALUES (21, 'GRAMADAL', now(), now());
INSERT INTO public.asociacion(id, nombre, "createdAt", "updatedAt")	VALUES (22, 'GRANJA EL PARAISO', now(), now());
INSERT INTO public.asociacion(id, nombre, "createdAt", "updatedAt")	VALUES (23, 'HIJOS DE CIUDAD DE DIOS', now(), now());
INSERT INTO public.asociacion(id, nombre, "createdAt", "updatedAt")	VALUES (24, 'HOREB', now(), now());
INSERT INTO public.asociacion(id, nombre, "createdAt", "updatedAt")	VALUES (25, 'JARDINES DEL COLCA', now(), now());
INSERT INTO public.asociacion(id, nombre, "createdAt", "updatedAt")	VALUES (26, 'JOSE ABELARDO QUIÑONES', now(), now());
INSERT INTO public.asociacion(id, nombre, "createdAt", "updatedAt")	VALUES (27, 'LA ESTACIÓN', now(), now());
INSERT INTO public.asociacion(id, nombre, "createdAt", "updatedAt")	VALUES (28, 'LA VICTORIA VIRGEN DE LA SOLEDAD', now(), now());
INSERT INTO public.asociacion(id, nombre, "createdAt", "updatedAt")	VALUES (29, 'LAS LOMAS', now(), now());
INSERT INTO public.asociacion(id, nombre, "createdAt", "updatedAt")	VALUES (30, 'LOMAS CONO NORTE', now(), now());
INSERT INTO public.asociacion(id, nombre, "createdAt", "updatedAt")	VALUES (31, 'LOS ANDENES DEL CONO NORTE', now(), now());
INSERT INTO public.asociacion(id, nombre, "createdAt", "updatedAt")	VALUES (32, 'MARGEN DERECHA UPIS LOS MILAGROS', now(), now());
INSERT INTO public.asociacion(id, nombre, "createdAt", "updatedAt")	VALUES (33, 'MARGEN IZQUIERDA UPIS LOS MILAGROS', now(), now());
INSERT INTO public.asociacion(id, nombre, "createdAt", "updatedAt")	VALUES (34, 'MILAGROS', now(), now());
INSERT INTO public.asociacion(id, nombre, "createdAt", "updatedAt")	VALUES (35, 'MIRADOR DE YURA', now(), now());
INSERT INTO public.asociacion(id, nombre, "createdAt", "updatedAt")	VALUES (36, 'MIRADOR JUVENTUD FERROVIARIA', now(), now());
INSERT INTO public.asociacion(id, nombre, "createdAt", "updatedAt")	VALUES (37, 'MIRADOR LOS MILAGROS', now(), now());
INSERT INTO public.asociacion(id, nombre, "createdAt", "updatedAt")	VALUES (38, 'MIRADOR POZO DE CIELO', now(), now());
INSERT INTO public.asociacion(id, nombre, "createdAt", "updatedAt")	VALUES (39, 'MONTE SINAI', now(), now());
INSERT INTO public.asociacion(id, nombre, "createdAt", "updatedAt")	VALUES (40, 'NUEVA ESPERANZA', now(), now());
INSERT INTO public.asociacion(id, nombre, "createdAt", "updatedAt")	VALUES (41, 'NUEVA ESTRELLA', now(), now());
INSERT INTO public.asociacion(id, nombre, "createdAt", "updatedAt")	VALUES (42, 'NUEVA JUVENTUD', now(), now());
INSERT INTO public.asociacion(id, nombre, "createdAt", "updatedAt")	VALUES (43, 'NUEVO AMANECER CHAPARRAL', now(), now());
INSERT INTO public.asociacion(id, nombre, "createdAt", "updatedAt")	VALUES (44, 'OJULI', now(), now());
INSERT INTO public.asociacion(id, nombre, "createdAt", "updatedAt")	VALUES (45, 'PAMPA DE ARRIEROS', now(), now());
INSERT INTO public.asociacion(id, nombre, "createdAt", "updatedAt")	VALUES (46, 'PEQUEÑOS AGROINDUSTRIALES VILLA YURA', now(), now());
INSERT INTO public.asociacion(id, nombre, "createdAt", "updatedAt")	VALUES (47, 'PERLA YURA', now(), now());
INSERT INTO public.asociacion(id, nombre, "createdAt", "updatedAt")	VALUES (48, 'PERLA ESCONDIDA', now(), now());
INSERT INTO public.asociacion(id, nombre, "createdAt", "updatedAt")	VALUES (49, 'PORVENIR YURA', now(), now());
INSERT INTO public.asociacion(id, nombre, "createdAt", "updatedAt")	VALUES (50, 'PRIMAVERA LOS ÁNGELES', now(), now());
INSERT INTO public.asociacion(id, nombre, "createdAt", "updatedAt")	VALUES (51, 'PRODIGIO DEL ÁNGEL', now(), now());
INSERT INTO public.asociacion(id, nombre, "createdAt", "updatedAt")	VALUES (52, 'PROFAM', now(), now());
INSERT INTO public.asociacion(id, nombre, "createdAt", "updatedAt")	VALUES (53, 'QUISCOS YURA', now(), now());
INSERT INTO public.asociacion(id, nombre, "createdAt", "updatedAt")	VALUES (54, 'REAL PROGRESO', now(), now());
INSERT INTO public.asociacion(id, nombre, "createdAt", "updatedAt")	VALUES (55, 'RESIDENTES PUNO', now(), now());
INSERT INTO public.asociacion(id, nombre, "createdAt", "updatedAt")	VALUES (56, 'SANTIAGO APÓSTOL', now(), now());
INSERT INTO public.asociacion(id, nombre, "createdAt", "updatedAt")	VALUES (57, 'SINCHA', now(), now());
INSERT INTO public.asociacion(id, nombre, "createdAt", "updatedAt")	VALUES (58, 'TALLER DEL SUR', now(), now());
INSERT INTO public.asociacion(id, nombre, "createdAt", "updatedAt")	VALUES (59, 'UPIS LOS MILAGROS', now(), now());
INSERT INTO public.asociacion(id, nombre, "createdAt", "updatedAt")	VALUES (60, 'URB. CIUDAD NUEVA', now(), now());
INSERT INTO public.asociacion(id, nombre, "createdAt", "updatedAt")	VALUES (61, 'URB. EL ALTIPLANO', now(), now());
INSERT INTO public.asociacion(id, nombre, "createdAt", "updatedAt")	VALUES (62, 'UTUPARA', now(), now());
INSERT INTO public.asociacion(id, nombre, "createdAt", "updatedAt")	VALUES (63, 'UYUPAMPA', now(), now());
INSERT INTO public.asociacion(id, nombre, "createdAt", "updatedAt")	VALUES (64, 'VICTORIA', now(), now());
INSERT INTO public.asociacion(id, nombre, "createdAt", "updatedAt")	VALUES (65, 'VILLA ALTIPLANO', now(), now());
INSERT INTO public.asociacion(id, nombre, "createdAt", "updatedAt")	VALUES (66, 'VILLA HERMOSA', now(), now());
INSERT INTO public.asociacion(id, nombre, "createdAt", "updatedAt")	VALUES (67, 'VILLA MILAGROS', now(), now());
INSERT INTO public.asociacion(id, nombre, "createdAt", "updatedAt")	VALUES (68, 'VILLA PRADERAS DEL CASTILLO', now(), now());
INSERT INTO public.asociacion(id, nombre, "createdAt", "updatedAt")	VALUES (69, 'VILLA TAMBO', now(), now());
INSERT INTO public.asociacion(id, nombre, "createdAt", "updatedAt")	VALUES (70, 'VILLA UYUPAMPA', now(), now());
INSERT INTO public.asociacion(id, nombre, "createdAt", "updatedAt")	VALUES (71, 'VIRGEN DE LA ASUNCIÓN ', now(), now());
INSERT INTO public.asociacion(id, nombre, "createdAt", "updatedAt")	VALUES (72, 'VIRGEN DE LA CANDELARIA', now(), now());
INSERT INTO public.asociacion(id, nombre, "createdAt", "updatedAt")	VALUES (73, 'YURA VIEJO', now(), now());
INSERT INTO public.asociacion(id, nombre, "createdAt", "updatedAt")	VALUES (74, 'APIPA', now(), now());
INSERT INTO public.asociacion(id, nombre, "createdAt", "updatedAt")	VALUES (75, 'LA PASCANA', now(), now());
INSERT INTO public.asociacion(id, nombre, "createdAt", "updatedAt")	VALUES (76, 'RAYO', now(), now());
INSERT INTO public.asociacion(id, nombre, "createdAt", "updatedAt")	VALUES (77, 'RESIDENTES CUSCO', now(), now());
INSERT INTO public.asociacion(id, nombre, "createdAt", "updatedAt")	VALUES (78, 'TALLER PIP', now(), now());
INSERT INTO public.asociacion(id, nombre, "createdAt", "updatedAt")	VALUES (79, 'VIDA', now(), now());
INSERT INTO public.asociacion(id, nombre, "createdAt", "updatedAt")	VALUES (80, 'VILLA CRISTO', now(), now());
INSERT INTO public.asociacion(id, nombre, "createdAt", "updatedAt")	VALUES (81, 'GRANJA INDUSTRIAL SANTUSA', now(), now());
INSERT INTO public.asociacion(id, nombre, "createdAt", "updatedAt")	VALUES (82, 'JOSE MARIA CORBACHO', now(), now());
INSERT INTO public.asociacion(id, nombre, "createdAt", "updatedAt")	VALUES (83, 'JOSE LUIS BUSTAMANTE', now(), now());
INSERT INTO public.asociacion(id, nombre, "createdAt", "updatedAt")	VALUES (84, 'EL ALAMO', now(), now());
INSERT INTO public.asociacion(id, nombre, "createdAt", "updatedAt")	VALUES (85, 'PUEBLO JOVEN VILLA CONO NORTE', now(), now());
INSERT INTO public.asociacion(id, nombre, "createdAt", "updatedAt")	VALUES (86, 'GRANJA NUEVA VIDA', now(), now());
INSERT INTO public.asociacion(id, nombre, "createdAt", "updatedAt")	VALUES (87, 'APIMA', now(), now());
INSERT INTO public.asociacion(id, nombre, "createdAt", "updatedAt")	VALUES (100, 'S/E', now(), now());

INSERT INTO public."tipoDocumento"(	id, nombre, siglas, "createdAt", "updatedAt") VALUES
	(1, 'DOCUMENTO NACIONAL DE IDENTIDAD', 'DNI', NOW(), NOW()),
	(2, 'CARNET DE EXTRANJERIA', 'CE', NOW(), NOW()),
	(3, 'DNI MENOR DE EDAD', 'DNI MENOR', NOW(), NOW());

INSERT INTO public.comportamiento(id, nombre, "createdAt", "updatedAt") VALUES
	(1, 'AGRESIVO', now(), now()),
	(2, 'AMISTOSO', now(), now()),
	(3, 'DISCAPACITADO', now(), now()),
	(4, 'ENTRENADO', now(), now()),
	(5, 'PELEADOR', now(), now()),
	(6, 'TEMEROSO', now(), now());

INSERT INTO area( id, nombre, abreviatura, nivel, "createdAt", "updatedAt", "deletedAt")
VALUES
	(1, 'ALCALDIA', 'ALC', 1, NOW(), NOW(), null),
	(2, 'GERENCIA MUNICIPAL', 'GM', 1, NOW(), NOW(), null),
	(3, 'OFICINA CONTROL INSTITUCIONAL', 'OCI', 1, NOW(), NOW(), null),
	(4, 'OFICINA DE PROCURADURIA PUBLICA MUNICIPAL', 'OPPM', 1, NOW(), NOW(), null),
	(5, 'OFICINA GENERAL DE SECRETARIA GENERAL', 'OGSG', 1, NOW(), NOW(), null),
	(6, 'OFICINA GENERAL DE ADMINISTRACION', 'OGA', 1, NOW(), NOW(), null),
	(7, 'OFICINA DE CONTABILIDAD', 'OC', 2, NOW(), NOW(), null),
	(8, 'OFICINA DE TESORERIA', 'OT', 2, NOW(), NOW(), null),
	(9, 'OFICINA DE LOGISTICA', 'OL', 2, NOW(), NOW(), null),
	(10, 'OFICINA DE RECURSOS HUMANOS', 'ORRHH', 2, NOW(), NOW(), null),
	(11, 'OFICINA DE CONTROL PATRIMONIAL, SERVICIOS GENERALES E INFORMATICA', 'OCPSGI', 2, NOW(), NOW(), null),
	(12, 'OFICINA GENERAL DE PLANIFICACION Y PRESUPUESTO', 'OGPP', 1, NOW(), NOW(), null),
	(13, 'OFICINA DE PLANEAMIENTO, RACIONALIZACION Y ESTADISTICA', 'OPRE', 2, NOW(), NOW(), null),
	(14, 'OFICINA DE PROGRAMACION MULTIANUAL DE INVERSION Y PRESUPUESTO', 'OPMIP', 2, NOW(), NOW(), null),
	(15, 'OFICINA GENERAL DE ASESORIA JURIDICA', 'OGAJ', 1, NOW(), NOW(), null),
	(16, 'GERENCIA DE SERVICIOS A LA COMUNIDAD', 'GSC', 1, NOW(), NOW(), null),
	(17, 'SUB GERENCIA DE SEGURIDAD CIUDADANA Y TRANSITO', 'SGSCT', 2, NOW(), NOW(), null),
	(18, 'SUB GERENCIA DE GESTION DE RESIDUOS SOLIDOS', 'SGGRS', 2, NOW(), NOW(), null),
	(19, 'SUB GERENCIA DE SANEAMIENTO BASICO Y GESTION AMBIENTAL', 'SGSBGA', 2, NOW(), NOW(), null),
	(20, 'GERENCIA DE DESARROLLO SOCIAL Y ECONOMICO', 'GDSE', 1, NOW(), NOW(), null),
	(21, 'SUB GERENCIA DE DESARROLLO HUMANO Y PARTICIPACION CIUDADANA', 'SGDHPC', 2, NOW(), NOW(), null),
	(22, 'SUB GERENCIA DE DESARROLLO ECONOMICO Y TURISMO', 'SGDET', 2, NOW(), NOW(), null),
	(23, 'SUB GERENCIA DE BIENESTAR SOCIAL', 'SGBS', 2, NOW(), NOW(), null),
	(24, 'GERENCIA DE ADMINISTRACION TRIBUTARIA', 'GAT', 1, NOW(), NOW(), null),
	(25, 'SUB GERENCIA DE REGISTRO Y RECAUDACION', 'SGRR', 2, NOW(), NOW(), null),
	(26, 'SUB GERENCIA DE FISCALIZACION MUNICIPAL', 'SGFM', 2, NOW(), NOW(), null),
	(27, 'SUB GERENCIA DE EJECUCION COACTIVA', 'SGEC', 2, NOW(), NOW(), null),
	(28, 'GERENCIA DE DESARROLLO URBANO Y RURAL', 'GDUR', 1, NOW(), NOW(), null),
	(29, 'SUB GERENCIA DE OBRAS PUBLICAS', 'SGOP', 2, NOW(), NOW(), null),
	(30, 'SUB GERENCIA DE ESTUDIOS, SUPERVISION Y LIQUIDACION DE PROYECTOS', 'SGESLP', 2, NOW(), NOW(), null),
	(31, 'SUB GERENCIA DE OBRAS PRIVADAS Y LICENCIAS', 'SGOPL', 2, NOW(), NOW(), null),
	(32, 'SUB GERENCIA DE GESTION DE RIESGOS DE DESASTRES', 'SGGRD', 2, NOW(), NOW(), null),
	(33, 'SUB GERENCIA DE MANTENIMIENTO DE INFRAESTRUCTURA PUBLICA', 'SGMIP', 2, NOW(), NOW(), null),
	(34, 'OFICINA DE IMAGEN INSTITUCIONAL Y RELACIONES PUBLICAS', 'OIIRP', 2, NOW(), NOW(), null),
	(35, 'ARCHIVO', 'ARCHIVO', 2, NOW(), NOW(), null),
	(36, 'MESA DE PARTES', 'MESA PARTES', 2, NOW(), NOW(), null),
	(37, 'ALMACEN', 'ALMACEN', 3, NOW(), NOW(), null),
	(38, 'CIAM', 'CIAM', 3, NOW(), NOW(), null),
	(39, 'SISFOH', 'SISFOH', 3, NOW(), NOW(), null),
	(40, 'DEMUNA', 'DEMUNA', 3, NOW(), NOW(), null),
	(41, 'REGISTRO CIVIL', 'RC', 3, NOW(), NOW(), null),
	(42, 'PROGRAMA VASO DE LECHE', 'PVL', 3, NOW(), NOW(), null);

INSERT INTO persona(
	id, nombres, "apellidoPaterno", "apellidoMaterno", "tipoDocumento",
                    "numeroDocumento", "createdAt", "updatedAt", "deletedAt")
	VALUES
	(101, 'NESTOR ROMULO', 'CHICAÑA', 'NINA', 'DNI', '29652546', NOW(), NOW(), null),
	(102, 'EDWIN EDMUNDO', 'RUELAS', 'SILLOCA', 'DNI', '80203021', NOW(), NOW(), null),
	(103, 'ROLANDO ALEXANDER', 'ALMEIDA', 'BENAVENTE', 'DNI', '29591497', NOW(), NOW(), null),
	(104, 'TATIANA TERESA', 'VIGIL', 'NUÑEZ DEL PRADO', 'DNI', '29531542', NOW(), NOW(), null),
	(105, 'RICHARD NAPOLEON OSCAR', 'TALAVERA', 'RODRIGUEZ', 'DNI', '44435680', NOW(), NOW(), null),
	(106, 'HUGO', 'LAYME', 'SIVINCHA', 'DNI', '44607097', NOW(), NOW(), null),
	(107, 'KARLA MILAGROS', 'NEYRA', 'TORRES', 'DNI', '42755127', NOW(), NOW(), null),
	(108, 'SARA CELIA', 'MAMANI', 'HUAYAPA', 'DNI', '41596506', NOW(), NOW(), null),
	(109, 'HANDRO LAYO', 'FERNANDEZ', 'HUARACALLO', 'DNI', '45760160', NOW(), NOW(), null),
	(110, 'LADY DIANA', 'VERACRUZ', 'VILLALBA', 'DNI', '43281091', NOW(), NOW(), null),
	(111, 'ORESTES JOSE', 'COPARA', 'NEYRA', 'DNI', '40202955', NOW(), NOW(), null),
	(112, 'MILAGROS PILAR', 'ORTIZ', 'TORRES', 'DNI', '40481899', NOW(), NOW(), null),
	(113, 'CARLOS ULICES', 'BORDA', 'MONTESINOS', 'DNI', '40029402', NOW(), NOW(), null),
	(114, 'MARIO ANGEL', 'VERA', 'DEL AGUILA', 'DNI', '73328432', NOW(), NOW(), null),
	(115, 'RENZO RENE', 'RIVEROS', 'TITO', 'DNI', '41452697', NOW(), NOW(), null),
	(116, 'VILNER', 'CHUCTAYA', 'YAULI', 'DNI', '46048244', NOW(), NOW(), null),
	(117, 'OSCAR ROBERTO', 'GARCIA', 'RIVERA', 'DNI', '29708385', NOW(), NOW(), null),
	(118, 'EDWIN ALVARO', 'HUAYPUNA', 'CCALLA', 'DNI', '42010115', NOW(), NOW(), null),
	(119, 'GIOVANNA PILAR', 'ACROTA', 'HUAMAN', 'DNI', '29726135', NOW(), NOW(), null),
	(120, 'ERWIN IVAN', 'GOMEZ', 'ZEGARRA', 'DNI', '29553011', NOW(), NOW(), null),
	(121, 'FLOR LILIANA', 'HUANQUI', 'TURPO', 'DNI', '41480324', NOW(), NOW(), null),
	(122, 'JOHNNY JORGE', 'MEDINA', 'PAREDES', 'DNI', '43726146', NOW(), NOW(), null),
	(123, 'GLORIA BETTY', 'QUISPE', 'CHILO', 'DNI', '29346213', NOW(), NOW(), null),
	(124, 'JESUS EUGENIO', 'CAMPOS', 'MERCADO', 'DNI', '29479011', NOW(), NOW(), null),
	(125, 'CARMEN YESLIN', 'MOLINA', 'GOMEZ', 'DNI', '43300955', NOW(), NOW(), null),
	(126, 'MARCO ANTONIO', 'SALAZAR', 'ROJAS', 'DNI', '41407513', NOW(), NOW(), null),
	(127, 'DIEGO EDUARDO', 'ABARCA', 'RUBIANES', 'DNI', '71498564', NOW(), NOW(), null),
	(128, 'ELIZABETH CECILIA', 'MAMANI', 'PUMA', 'DNI', '45214401', NOW(), NOW(), null),
	(129, 'ELVIS JUNIOR', 'SALAZAR', 'CASTRO', 'DNI', '41530699', NOW(), NOW(), null),
	(130, 'VALERIA PATRICIA', 'ESPEJO', 'GUTIERREZ', 'DNI', '70432319', NOW(), NOW(), null),
	(131, 'ELIZABETH CLARISSA', 'GAMARRA', 'PINTO', 'DNI', '43573003', NOW(), NOW(), null),
	(132, 'AUGUSTO', 'DIAZ', 'CUPE', 'DNI', '29642526', NOW(), NOW(), null),
	(133, 'VIDELIA', 'ALCA', 'TEJADA', 'DNI', '30676460', NOW(), NOW(), null),
	(134, 'YESENIA', 'VARGAS', 'CARRISALES', 'DNI', '30962988', NOW(), NOW(), null),
	(135, 'LUIS', 'PARI', 'ITO', 'DNI', '29532445', NOW(), NOW(), null),
	(136, 'VILMA', 'DIAZ', 'CHATA', 'DNI', '29533194', NOW(), NOW(), null),
	(137, 'CLAUDIA', 'HUILLCA', 'MALMOREJO', 'DNI', '43231618', NOW(), NOW(), null),
	(138, 'MARIA ANGELA', 'ESCOBEDO', 'MALAGA', 'DNI', '41174007', NOW(), NOW(), null),
	(139, 'MELVA SOLEDAD', 'MAMANI', 'TANCO', 'DNI', '40187788', NOW(), NOW(), null),
	(140, 'FLORA PLACIDA', 'PORTILLO', 'MAMANI', 'DNI', '29349103', NOW(), NOW(), null);

INSERT INTO funcionario( id, "personaId", "createdAt", "updatedAt", "deletedAt")
VALUES
	(1, 101, NOW(), NOW(), null),
	(2, 102, NOW(), NOW(), null),
	(3, 103, NOW(), NOW(), null),
	(4, 104, NOW(), NOW(), null),
	(5, 105, NOW(), NOW(), null),
	(6, 106, NOW(), NOW(), null),
	(7, 107, NOW(), NOW(), null),
	(8, 108, NOW(), NOW(), null),
	(9, 109, NOW(), NOW(), null),
	(10, 110, NOW(), NOW(), null),
	(11, 111, NOW(), NOW(), null),
	(12, 112, NOW(), NOW(), null),
	(13, 113, NOW(), NOW(), null),
	(14, 114, NOW(), NOW(), null),
	(15, 115, NOW(), NOW(), null),
	(16, 116, NOW(), NOW(), null),
	(17, 117, NOW(), NOW(), null),
	(18, 118, NOW(), NOW(), null),
	(19, 119, NOW(), NOW(), null),
	(20, 120, NOW(), NOW(), null),
	(21, 121, NOW(), NOW(), null),
	(22, 122, NOW(), NOW(), null),
	(23, 123, NOW(), NOW(), null),
	(24, 124, NOW(), NOW(), null),
	(25, 125, NOW(), NOW(), null),
	(26, 126, NOW(), NOW(), null),
	(27, 127, NOW(), NOW(), null),
	(28, 128, NOW(), NOW(), null),
	(29, 129, NOW(), NOW(), null),
	(30, 130, NOW(), NOW(), null),
	(31, 131, NOW(), NOW(), null),
	(32, 132, NOW(), NOW(), null),
	(33, 133, NOW(), NOW(), null),
	(34, 134, NOW(), NOW(), null),
	(35, 135, NOW(), NOW(), null),
	(36, 136, NOW(), NOW(), null),
	(37, 137, NOW(), NOW(), null),
	(38, 138, NOW(), NOW(), null),
	(39, 139, NOW(), NOW(), null),
	(40, 140, NOW(), NOW(), null);

INSERT INTO "areaFuncionario"( id, cargo, "areaId", "funcionarioId", "createdAt", "updatedAt", "deletedAt")
VALUES
    (1, 'ALCALDE', 1, 1, NOW(), NOW(), null),
    (2, 'GERENTE MUNICIPAL', 2, 2, NOW(), NOW(), null),
    (3, 'JEFE DE LA OFICINA CONTROL INSTITUCIONAL', 3, 3, NOW(), NOW(), null),
    (4, 'JEFE DE LA OFICINA DE PROCURADURIA PUBLICA MUNICIPAL', 4, 4, NOW(), NOW(), null),
    (5, 'JEFE DE LA OFICINA GENERAL DE SECRETARIA GENERAL', 5, 5, NOW(), NOW(), null),
    (6, 'JEFE DE LA OFICINA GENERAL DE ADMINISTRACION', 6, 6, NOW(), NOW(), null),
    (7, 'JEFE DE LA OFICINA DE CONTABILIDAD', 7, 7, NOW(), NOW(), null),
    (8, 'JEFE DE LA OFICINA DE TESORERIA', 8, 8, NOW(), NOW(), null),
    (9, 'JEFE DE LA OFICINA DE LOGISTICA', 9, 9, NOW(), NOW(), null),
    (10, 'JEFE DE LA OFICINA DE RECURSOS HUMANOS', 10, 10, NOW(), NOW(), null),
    (11, 'JEFE DE LA OFICINA DE CONTROL PATRIMONIAL, SERVICIOS GENERALES E INFORMATICA', 11, 11, NOW(), NOW(), null),
    (12, 'JEFE DE LA OFICINA GENERAL DE PLANIFICACION Y PRESUPUESTO', 12, 12, NOW(), NOW(), null),
    (13, 'JEFE DE LA OFICINA DE PLANEAMIENTO, RACIONALIZACION Y ESTADISTICA', 13, 13, NOW(), NOW(), null),
    (14, 'JEFE DE LA OFICINA DE PROGRAMACION MULTIANUAL DE INVERSION Y PRESUPUESTO', 14, 12, NOW(), NOW(), null),
    (15, 'JEFE DE LA OFICINA GENERAL DE ASESORIA JURIDICA', 15, 14, NOW(), NOW(), null),
    (16, 'GERENTE DE SERVICIOS A LA COMUNIDAD', 16, 15, NOW(), NOW(), null),
    (17, 'SUB GERENTE DE SEGURIDAD CIUDADANA Y TRANSITO', 17, 16, NOW(), NOW(), null),
    (18, 'SUB GERENTE DE GESTION DE RESIDUOS SOLIDOS', 18, 15, NOW(), NOW(), null),
    (19, 'SUB GERENTE DE SANEAMIENTO BASICO Y GESTION AMBIENTAL', 19, 17, NOW(), NOW(), null),
    (20, 'GERENTE DE DESARROLLO SOCIAL Y ECONOMICO', 20, 18, NOW(), NOW(), null),
    (21, 'SUB GERENTE DE DESARROLLO HUMANO Y PARTICIPACION CIUDADANA', 21, 19, NOW(), NOW(), null),
    (22, 'SUB GERENTE DE DESARROLLO ECONOMICO Y TURISMO', 22, 20, NOW(), NOW(), null),
    (23, 'SUB GERENTE DE BIENESTAR SOCIAL', 23, 21, NOW(), NOW(), null),
    (24, 'GERENTE DE ADMINISTRACION TRIBUTARIA', 24, 22, NOW(), NOW(), null),
    (25, 'SUB GERENTE DE REGISTRO Y RECAUDACION', 25, 23, NOW(), NOW(), null),
    (26, 'SUB GERENTE DE FISCALIZACION MUNICIPAL', 26, 24, NOW(), NOW(), null),
    (27, 'SUB GERENTE DE EJECUCION COACTIVA', 27,25 , NOW(), NOW(), null),
    (28, 'GERENTE DE DESARROLLO URBANO Y RURAL', 28, 26, NOW(), NOW(), null),
    (29, 'SUB GERENTE DE OBRAS PUBLICAS', 29, 27, NOW(), NOW(), null),
    (30, 'SUB GERENTE DE ESTUDIOS, SUPERVISION Y LIQUIDACION DE PROYECTOS', 30, 26, NOW(), NOW(), null),
    (31, 'SUB GERENTE DE OBRAS PRIVADAS Y LICENCIAS', 31, 28, NOW(), NOW(), null),
    (32, 'SUB GERENTE DE GESTION DE RIESGOS DE DESASTRES', 32, 29, NOW(), NOW(), null),
    (33, 'SUB GERENTE DE MANTENIMIENTO DE INFRAESTRUCTURA PUBLICA', 33, 30, NOW(), NOW(), null),
    (34, 'JEFE DE LA OFICINA DE IMAGEN INSTITUCIONAL Y RELACIONES PUBLICAS', 34, 31, NOW(), NOW(), null),
    (35, '(E) ARCHIVO', 35, 32, NOW(), NOW(), null),
    (36, '(E) ARCHIVO', 35, 33, NOW(), NOW(), null),
    (37, '(E) MESA DE PARTES', 36, 34, NOW(), NOW(), null),
    (38, '(E) ALMACEN', 37,35, NOW(), NOW(), null),
    (39, '(E) CIAM', 38, 36, NOW(), NOW(), null),
    (40, '(E) SISFOH', 39, 37, NOW(), NOW(), null),
    (41, '(E) DEMUNA', 40, 38, NOW(), NOW(), null),
    (42, '(E) REGISTRO CIVIL', 41, 39, NOW(), NOW(), null),
    (43, '(E) PROGRAMA VASO DE LECHE', 42, 40, NOW(), NOW(), null);

INSERT INTO entidad ( id, nombre, siglas, ruc, "createdAt", "updatedAt", "deletedAt")
VALUES
    (1, 'MUNICIPALIDAD DISTRITAL DE YURA', 'MDY', '20173809663', NOW(), NOW(), null);
INSERT INTO sede ( id, nombre, descripcion, direccion, "createdAt", "updatedAt", "deletedAt", "entidadId")
VALUES
    (1, 'CENTRO CIVICO', 'SEDE PRINCIPAL', 'Mza. W Lote. 2-3 Asc. Ciudad de Dios Zona 3 Sec', NOW(), NOW(), null, 1);

INSERT INTO public."tipoTutor"(	id, nombre, siglas, "createdAt", "updatedAt") VALUES
	(1, 'PADRE / MADRE', 'PAD-MAD', NOW(), NOW()),
	(2, 'FAMILIAR', 'FAM', NOW(), NOW()),
	(3, 'APODERADO', 'APODERADO', NOW(), NOW());


select
	persona."tipoDocumento", persona."numeroDocumento", persona.nombres, persona."apellidoPaterno", persona."apellidoMaterno",
	persona.direccion, persona.manzana, persona.lote, persona.telefono, persona.edad, persona.genero, persona.zona,
	"padronPersona"."tipoEmpadronado"
from persona
inner join "padronPersona"
on "padronPersona"."personaId" = persona.id
inner join padron
on padron.id = "padronPersona"."padronId"
where padron.id = 1
and "padronPersona"."deletedAt" is null